<?xml version="1.0"?>
<plugin name="analysistools-doc" version="1.0">

<author>
<name>Madkit Team (O. Gutknecht, J. Ferber, F. Michel et al.)</name>
<email> </email>
<web> </web>
</author>

<file name="analysistools-doc-1.0.zip" size="64640" checksum="3e1bcbdc9ce5a7004804ada15c4cf7de"/>
<depends>
 

</depends>
<actions>
 <action id="docref" url="plugins/analysistools/docs/api/index.html" name="analysistools API" section="api"/>
</actions>
<description>
This plugin contains analysis agents like linechart agent that can handle messages to draw linecharts

</description>

</plugin>

