<?xml version="1.0"?>
<plugin name="analysistools" version="1.0">

<author>
<name>Madkit Team (O. Gutknecht, J. Ferber, F. Michel et al.)</name>
<email> </email>
<web> </web>
</author>

<file name="analysistools-1.0.zip" size="20353" checksum="52c7a59bf38663c1f9a55b49a211b27e"/>
<depends>
<plugin name="madkitkernel" version="4.0.9" />


</depends>
<actions>
 
</actions>
<description>
This plugin contains analysis agents like linechart agent that can handle messages to draw linecharts

</description>

</plugin>

