<?xml version="1.0"?>
<plugin name="bshlib" version="1.0">

<author>
<name>Madkit Team (O. Gutknecht, J. Ferber, F. Michel et al.)</name>
<email> </email>
<web> </web>
</author>

<file name="bshlib-1.0.zip" size="17679" checksum="b5e98310f3540555d88bb8bfc6b32e9b"/>
<depends>
<plugin name="madkitkernel" version="4.0.9" />
<plugin name="madkitutils" version="4.0" />
<plugin name="bsh" version="5.1" />
<plugin name="messages" version="4.0" />
<plugin name="system" version="4.1.2" />


</depends>
<actions>
 
</actions>
<description>
The BeanShell library allows programmers to use the BeanShell language (see www.bsh.org), i.e. interpreted Java as a scripting language for building and launching agents.

</description>

</plugin>

