<?xml version="1.0"?>
<plugin name="bshlib-doc" version="1.0">

<author>
<name>Madkit Team (O. Gutknecht, J. Ferber, F. Michel et al.)</name>
<email> </email>
<web> </web>
</author>

<file name="bshlib-doc-1.0.zip" size="37443" checksum="c0132114849ecb471ecff806a4abb902"/>
<depends>
 

</depends>
<actions>
 <action id="docref" url="plugins/bshlib/docs/api/index.html" name="bshlib API" section="api"/>
</actions>
<description>
The BeanShell library allows programmers to use the BeanShell language (see www.bsh.org), i.e. interpreted Java as a scripting language for building and launching agents.

</description>

</plugin>

