<?xml version="1.0"?>
<plugin name="bshlib-src" version="1.0">

<author>
<name>Madkit Team (O. Gutknecht, J. Ferber, F. Michel et al.)</name>
<email> </email>
<web> </web>
</author>

<file name="bshlib-src-1.0.zip" size="23294" checksum="b2917b1be7287eca77f7631757a94aaa"/>
<depends>
 

</depends>
<actions>
 
</actions>
<description>
The BeanShell library allows programmers to use the BeanShell language (see www.bsh.org), i.e. interpreted Java as a scripting language for building and launching agents.

</description>

</plugin>

