<?xml version="1.0"?>
<plugin name="chat" version="1.0">

<author>
<name>Madkit Team (O. Gutknecht, J. Ferber, F. Michel et al.)</name>
<email> </email>
<web> </web>
</author>

<file name="chat-1.0.zip" size="53481" checksum="e3aa4c7ed8147331216766b32175b3c9"/>
<depends>
<plugin name="madkitkernel" version="4.0.9" />
<plugin name="messages" version="4.0" />
<plugin name="madkitutils" version="4.0" />


</depends>
<actions>
 
</actions>
<description>
A peer-to-peer chat written in MadKit

</description>

</plugin>

