<?xml version="1.0"?>
<plugin name="communicator-doc" version="2.1">

<author>
<name>Madkit Team (O. Gutknecht, J. Ferber, F. Michel et al.)</name>
<email> </email>
<web> </web>
</author>

<file name="communicator-doc-2.1.zip" size="220976" checksum="889a42ac2d6111db26f9f0f1afea0649"/>
<depends>
 

</depends>
<actions>
 <action id="docref" url="plugins/communicator/docs/api/index.html" name="communicator API" section="api"/>
</actions>
<description>
The communicator allows several MadKit kernels to communicate and distribute their organization.

</description>

</plugin>

