<?xml version="1.0"?>
<plugin name="communicator" version="2.1">

<author>
<name>Madkit Team (O. Gutknecht, J. Ferber, F. Michel et al.)</name>
<email> </email>
<web> </web>
</author>

<file name="communicator-2.1.zip" size="23452" checksum="b092d91b72b574ba85a1010e6cb3c42a"/>
<depends>
<plugin name="madkitkernel" version="4.0.9" />
<plugin name="messages" version="4.0" />


</depends>
<actions>
 
</actions>
<description>
The communicator allows several MadKit kernels to communicate and distribute their organization.

</description>

</plugin>

