<?xml version="1.0"?>
<plugin name="demos" version="1.0">

<author>
<name>Madkit Team (O. Gutknecht, J. Ferber, F. Michel et al.)</name>
<email> </email>
<web> </web>
</author>

<file name="demos-1.0.zip" size="32723" checksum="3c1c9239a42072065a72e97cd11f8fe6"/>
<depends>
<plugin name="madkitkernel" version="4.0.9" />
<plugin name="messages" version="4.0" />
<plugin name="simulation" version="1.0" />


</depends>
<actions>
 
</actions>
<description>
The demos plugin: some basic demos.

</description>

</plugin>

