<?xml version="1.0"?>
<plugin name="desktop2-doc" version="1.1.4">

<author>
<name>Madkit Team (O. Gutknecht, J. Ferber, F. Michel et al.)</name>
<email> </email>
<web> </web>
</author>

<file name="desktop2-doc-1.1.4.zip" size="284671" checksum="cbf5368ee1aa98637ed3f704fa1a3056"/>
<depends>
 

</depends>
<actions>
 <action id="docref" url="plugins/desktop2/docs/api/index.html" name="desktop2 API" section="api"/>
</actions>
<description>
The MadKit Desktop is a GUI oriented desktop-like sofware to launch agents and view their execution

</description>

</plugin>

