<?xml version="1.0"?>
<plugin name="desktop2" version="1.1.4">

<author>
<name>Madkit Team (O. Gutknecht, J. Ferber, F. Michel et al.)</name>
<email> </email>
<web> </web>
</author>

<file name="desktop2-1.1.4.zip" size="509897" checksum="c92a42459ab53bcde42f0653c20bf536"/>
<depends>
<plugin name="madkitkernel" version="4.0.9" />
<plugin name="system" version="4.1.2" />
<plugin name="madkitutils" version="4.0" />
<plugin name="messages" version="4.0" />
<plugin name="SEdit" version="3.2.1" />
<plugin name="jlfgr" version="0.1.0" />
<plugin name="skinlf" version="0.1.0" />
<plugin name="xerces" version="0.1.0" />


</depends>
<actions>
 
</actions>
<description>
The MadKit Desktop is a GUI oriented desktop-like sofware to launch agents and view their execution

</description>

</plugin>

