<?xml version="1.0"?>
<plugin name="distributedbees" version="1.0">

<author>
<name>Madkit Team (O. Gutknecht, J. Ferber, F. Michel et al.)</name>
<email> </email>
<web> </web>
</author>

<file name="distributedbees-1.0.zip" size="29752" checksum="1bba9056e56add54bb3450dd2adbea54"/>
<depends>
<plugin name="madkitkernel" version="4.0.9" />
<plugin name="simulation" version="1.0" />


</depends>
<actions>
 
</actions>
<description>
The template plugin is designed to help developpers to build madkit plugin easily and quickly by providing a minimal example of how to build a madkit plugin.

</description>

</plugin>

