<?xml version="1.0"?>
<plugin name="distributedbees-src" version="1.0">

<author>
<name>Madkit Team (O. Gutknecht, J. Ferber, F. Michel et al.)</name>
<email> </email>
<web> </web>
</author>

<file name="distributedbees-src-1.0.zip" size="43019" checksum="ddcd5971c852b842591918b611caf77a"/>
<depends>
 

</depends>
<actions>
 
</actions>
<description>
The template plugin is designed to help developpers to build madkit plugin easily and quickly by providing a minimal example of how to build a madkit plugin.

</description>

</plugin>

