<?xml version="1.0"?>
<plugin name="distributedbees-doc" version="1.0">

<author>
<name>Madkit Team (O. Gutknecht, J. Ferber, F. Michel et al.)</name>
<email> </email>
<web> </web>
</author>

<file name="distributedbees-doc-1.0.zip" size="132110" checksum="aff0e16eb8318cc81156ebab64b3cb0c"/>
<depends>
 

</depends>
<actions>
 <action id="docref" url="plugins/distributedbees/docs/api/index.html" name="distributedbees API" section="api"/>
</actions>
<description>
The template plugin is designed to help developpers to build madkit plugin easily and quickly by providing a minimal example of how to build a madkit plugin.

</description>

</plugin>

