<?xml version="1.0"?>
<plugin name="explorer" version="2.0.2">

<author>
<name>Madkit Team (O. Gutknecht, J. Ferber, F. Michel et al.)</name>
<email> </email>
<web> </web>
</author>

<file name="explorer-2.0.2.zip" size="84664" checksum="8ad70b1b6fea72c8959a48d71091c98c"/>
<depends>
<plugin name="madkitkernel" version="4.0.9" />
<plugin name="messages" version="4.0" />
<plugin name="madkitutils" version="4.0" />
<plugin name="treetools" version="2.0.1" />
<plugin name="SEdit" version="3.2.1" />
<plugin name="system" version="4.1.2" />
<plugin name="apacheant" version="0.1.0" />
<plugin name="jsynedit" version="1.0" />
<plugin name="jlfgr" version="0.1.0" />


</depends>
<actions>
 
</actions>
<description>
The Explorer agent

</description>

</plugin>

