<?xml version="1.0"?>
<plugin name="jesslib-doc" version="2.0">

<author>
<name>Madkit Team (O. Gutknecht, J. Ferber, F. Michel et al.)</name>
<email> </email>
<web> </web>
</author>

<file name="jesslib-doc-2.0.zip" size="187931" checksum="deea40364a33da8544e9c78fbabd418d"/>
<depends>
 

</depends>
<actions>
 <action id="docref" url="plugins/jesslib/docs/api/index.html" name="jesslib API" section="api"/>
</actions>
<description>
JessLib is a plugin which allows MadKit agents to be programmed in Jess. See http://www.gandia.gov 

</description>

</plugin>

