<?xml version="1.0"?>
<plugin name="jesslib" version="2.0">

<author>
<name>Madkit Team (O. Gutknecht, J. Ferber, F. Michel et al.)</name>
<email> </email>
<web> </web>
</author>

<file name="jesslib-2.0.zip" size="209330" checksum="13034bdd21fb2618898ace8a73bdae7b"/>
<depends>
<plugin name="madkitkernel" version="4.0.9" />
<plugin name="madkitutils" version="4.0" />
<plugin name="messages" version="4.0" />
<plugin name="system" version="4.1.2" />


</depends>
<actions>
 
</actions>
<description>
JessLib is a plugin which allows MadKit agents to be programmed in Jess. See http://www.gandia.gov 

</description>

</plugin>

