<?xml version="1.0"?>
<plugin name="jsynedit-doc" version="1.0">

<author>
<name>Madkit Team (O. Gutknecht, J. Ferber, F. Michel et al.)</name>
<email> </email>
<web> </web>
</author>

<file name="jsynedit-doc-1.0.zip" size="1198884" checksum="e64cec174ab5c575a49c58a09d40d03f"/>
<depends>
 

</depends>
<actions>
 <action id="docref" url="plugins/jsynedit/docs/api/index.html" name="jsynedit API" section="api"/>
</actions>
<description>
A generic editor to be used for different purposes.

</description>

</plugin>

