<?xml version="1.0"?>
<plugin name="jsynedit" version="1.0">

<author>
<name>Madkit Team (O. Gutknecht, J. Ferber, F. Michel et al.)</name>
<email> </email>
<web> </web>
</author>

<file name="jsynedit-1.0.zip" size="544271" checksum="68da666e85f026b79e1080e365529d5d"/>
<depends>
<plugin name="madkitkernel" version="4.0.9" />
<plugin name="madkitutils" version="4.0" />
<plugin name="messages" version="4.0" />


</depends>
<actions>
 
</actions>
<description>
A generic editor to be used for different purposes.

</description>

</plugin>

