<?xml version="1.0"?>
<plugin name="madkit-src" version="4.0.9">

<author>
<name>Madkit Team (O. Gutknecht, J. Ferber, F. Michel et al.)</name>
<email> </email>
<web> </web>
</author>

<depends>
<plugin name="madkitkernel-src" version="4.0.9" />
<plugin name="messages-src" version="4.0" />
<plugin name="netcomm-src" version="0.1.2" />
<plugin name="communicator-src" version="2.1" />
<plugin name="SEdit-src" version="3.2.1" />
<plugin name="treetools-src" version="2.0.1" />
<plugin name="simulation-src" version="1.0" />
<plugin name="turtlekit-src" version="2.0" />
<plugin name="turtlesimulation-src" version="2.0" />
<plugin name="share-src" version="2.1" />
<plugin name="madkitapplet-src" version="1.0" />
<plugin name="madkitutils-src" version="4.0" />
<plugin name="desktop2-src" version="1.1.4" />
<plugin name="template-src" version="1.0" />
<plugin name="demos-src" version="1.0" />
<plugin name="system-src" version="4.1.2" />
<plugin name="marketorg-src" version="4.0" />
<plugin name="warbot-src" version="2.3.0" />
<plugin name="distributedbees-src" version="1.0" />
<plugin name="schemelib-src" version="2.0" />
<plugin name="jesslib-src" version="2.0" />
<plugin name="bshlib-src" version="1.0" />
<plugin name="chat-src" version="1.0" />
<plugin name="pluginmanager-src" version="1.0.1" />
<plugin name="pythonlib-src" version="2.0" />
<plugin name="analysistools-src" version="1.0" />
<plugin name="warbot04-src" version="1.0" />
<plugin name="explorer-src" version="2.0.2" />
<plugin name="jsynedit-src" version="1.0" />

</depends>
<description>
This is a Meta package. It provides all plugins sources.

</description>

</plugin>
