<?xml version="1.0"?>
<plugin name="madkit-full" version="4.0.9">

<author>
<name>Madkit Team (O. Gutknecht, J. Ferber, F. Michel et al.)</name>
<email> </email>
<web> </web>
</author>

<depends>
<plugin name="madkit-bin" version="4.0.9" />
<plugin name="madkit-src" version="4.0.9" />
<plugin name="madkit-doc" version="4.0.9" />
<plugin name="desktop2-commons" version="4.0.9" />

</depends>
<description>
This is a bundle package which provides all madkit plugins. Including Sources and Docs.

</description>

</plugin>
