<?xml version="1.0"?>
<plugin name="madkit-bin" version="4.0.9">

<author>
<name>Madkit Team (O. Gutknecht, J. Ferber, F. Michel et al.)</name>
<email> </email>
<web> </web>
</author>

<depends>
<plugin name="madkitkernel" version="4.0.9" />
<plugin name="messages" version="4.0" />
<plugin name="netcomm" version="0.1.2" />
<plugin name="communicator" version="2.1" />
<plugin name="SEdit" version="3.2.1" />
<plugin name="treetools" version="2.0.1" />
<plugin name="simulation" version="1.0" />
<plugin name="turtlekit" version="2.0" />
<plugin name="turtlesimulation" version="2.0" />
<plugin name="share" version="2.1" />
<plugin name="madkitapplet" version="1.0" />
<plugin name="madkitutils" version="4.0" />
<plugin name="desktop2" version="1.1.4" />
<plugin name="template" version="1.0" />
<plugin name="demos" version="1.0" />
<plugin name="system" version="4.1.2" />
<plugin name="marketorg" version="4.0" />
<plugin name="warbot" version="2.3.0" />
<plugin name="warbot04" version="1.0" />
<plugin name="distributedbees" version="1.0" />
<plugin name="schemelib" version="2.0" />
<plugin name="jesslib" version="2.0" />
<plugin name="bshlib" version="1.0" />
<plugin name="chat" version="1.0" />
<plugin name="pluginmanager" version="1.0.1" />
<plugin name="explorer" version="2.0.2" />
<plugin name="jsynedit" version="1.0" />

</depends>
<description>
This is a Meta package. It provides all madkit plugins. Only Binary dist.

</description>

</plugin>
