<?xml version="1.0"?>
<plugin name="madkitapplet-src" version="1.0">

<author>
<name>Madkit Team (O. Gutknecht, J. Ferber, F. Michel et al.)</name>
<email> </email>
<web> </web>
</author>

<file name="madkitapplet-src-1.0.zip" size="10892" checksum="7f106808b3ee81a0b262c1ba2736c4db"/>
<depends>
 

</depends>
<actions>
 
</actions>
<description>
The template plugin is designed to help developpers to build madkit plugin easily and quickly by providing a minimal example of how to build a madkit plugin.

</description>

</plugin>

