<?xml version="1.0"?>
<plugin name="madkitkernel-doc" version="4.0.9">

<author>
<name>Madkit Team (O. Gutknecht, J. Ferber, F. Michel et al.)</name>
<email> </email>
<web> </web>
</author>

<file name="madkitkernel-doc-4.0.9.zip" size="230534" checksum="584862fde315aaea7661f20d8d48f0d5"/>
<depends>
 

</depends>
<actions>
 <action id="docref" url="plugins/madkitkernel/docs/api/index.html" name="madkitkernel API" section="api"/>
</actions>
<description>
The MadKit core plugins, allways required

</description>

</plugin>

