<?xml version="1.0"?>
<plugin name="madkit-doc" version="4.0.9">

<author>
<name>Madkit Team (O. Gutknecht, J. Ferber, F. Michel et al.)</name>
<email> </email>
<web> </web>
</author>

<depends>
<plugin name="madkitkernel-doc" version="4.0.9" />
<plugin name="messages-doc" version="4.0" />
<plugin name="netcomm-doc" version="0.1.2" />
<plugin name="communicator-doc" version="2.1" />
<plugin name="SEdit-doc" version="3.2.1" />
<plugin name="treetools-doc" version="2.0.1" />
<plugin name="simulation-doc" version="1.0" />
<plugin name="turtlekit-doc" version="2.0" />
<plugin name="turtlesimulation-doc" version="2.0" />
<plugin name="share-doc" version="2.1" />
<plugin name="madkitapplet-doc" version="1.0" />
<plugin name="madkitutils-doc" version="4.0" />
<plugin name="desktop2-doc" version="1.1.4" />
<plugin name="template-doc" version="1.0" />
<plugin name="demos-doc" version="1.0" />
<plugin name="system-doc" version="4.1.2" />
<plugin name="marketorg-doc" version="4.0" />
<plugin name="warbot-doc" version="2.3.0" />
<plugin name="distributedbees-doc" version="1.0" />
<plugin name="schemelib-doc" version="2.0" />
<plugin name="jesslib-doc" version="2.0" />
<plugin name="bshlib-doc" version="1.0" />
<plugin name="chat-doc" version="1.0" />
<plugin name="pluginmanager-doc" version="1.0.1" />
<plugin name="pythonlib-doc" version="2.0" />
<plugin name="analysistools-doc" version="1.0" />
<plugin name="explorer-doc" version="2.0.2" />
<plugin name="warbot04-doc" version="1.0" />
<plugin name="jsynedit-doc" version="1.0" />

</depends>
<description>
This is a Meta package. It provides all plugins docs.

</description>

</plugin>
