<?xml version="1.0"?>
<plugin name="madkitapplet-doc" version="1.0">

<author>
<name>Madkit Team (O. Gutknecht, J. Ferber, F. Michel et al.)</name>
<email> </email>
<web> </web>
</author>

<file name="madkitapplet-doc-1.0.zip" size="28883" checksum="163b64a05cefbe470cd9b3dd222e8d4b"/>
<depends>
 

</depends>
<actions>
 <action id="docref" url="plugins/madkitapplet/docs/api/index.html" name="madkitapplet API" section="api"/>
</actions>
<description>
The template plugin is designed to help developpers to build madkit plugin easily and quickly by providing a minimal example of how to build a madkit plugin.

</description>

</plugin>

