<?xml version="1.0"?>
<plugin name="madkitapplet" version="1.0">

<author>
<name>Madkit Team (O. Gutknecht, J. Ferber, F. Michel et al.)</name>
<email> </email>
<web> </web>
</author>

<file name="madkitapplet-1.0.zip" size="7136" checksum="0f36f6bf42febde24ef672d42b41724b"/>
<depends>
<plugin name="madkitkernel" version="4.0.9" />


</depends>
<actions>
 
</actions>
<description>
The template plugin is designed to help developpers to build madkit plugin easily and quickly by providing a minimal example of how to build a madkit plugin.

</description>

</plugin>

