<?xml version="1.0"?>
<plugin name="madkitutils-doc" version="4.0">

<author>
<name>Madkit Team (O. Gutknecht, J. Ferber, F. Michel et al.)</name>
<email> </email>
<web> </web>
</author>

<file name="madkitutils-doc-4.0.zip" size="190426" checksum="4261d41683937e19e0e02f912e55da8f"/>
<depends>
 

</depends>
<actions>
 <action id="docref" url="plugins/madkitutils/docs/api/index.html" name="madkitutils API" section="api"/>
</actions>
<description>
Utilities which are often needed in various plugins.

</description>

</plugin>

