<?xml version="1.0"?>
<plugin name="marketorg" version="4.0">

<author>
<name>Madkit Team (O. Gutknecht, J. Ferber, F. Michel et al.)</name>
<email> </email>
<web> </web>
</author>

<file name="marketorg-4.0.zip" size="14411" checksum="0c261e7afc978c3a937c73ab137ec4b4"/>
<depends>
<plugin name="madkitkernel" version="4.0.9" />
<plugin name="messages" version="4.0" />


</depends>
<actions>
 
</actions>
<description>
A demo plugin to show how a contract net protocol may be expressed in MadKit.

</description>

</plugin>

