<?xml version="1.0"?>
<plugin name="marketorg-doc" version="4.0">

<author>
<name>Madkit Team (O. Gutknecht, J. Ferber, F. Michel et al.)</name>
<email> </email>
<web> </web>
</author>

<file name="marketorg-doc-4.0.zip" size="31676" checksum="ca1f95bd8bf15e463ae1b6a355d3ba84"/>
<depends>
 

</depends>
<actions>
 <action id="docref" url="plugins/marketorg/docs/api/index.html" name="marketorg API" section="api"/>
</actions>
<description>
A demo plugin to show how a contract net protocol may be expressed in MadKit.

</description>

</plugin>

