<?xml version="1.0"?>
<plugin name="messages-doc" version="4.0">

<author>
<name>Madkit Team (O. Gutknecht, J. Ferber, F. Michel et al.)</name>
<email> </email>
<web> </web>
</author>

<file name="messages-doc-4.0.zip" size="53848" checksum="d028fe1dde1744647168f8bd97e7b750"/>
<depends>
 

</depends>
<actions>
 <action id="docref" url="plugins/messages/docs/api/index.html" name="messages API" section="api"/>
</actions>
<description>
Contains several message classes that can be used by agents.

</description>

</plugin>

