<?xml version="1.0"?>
<plugin name="netcomm-doc" version="0.1.2">

<author>
<name>Madkit Team (O. Gutknecht, J. Ferber, F. Michel et al.)</name>
<email> </email>
<web> </web>
</author>

<file name="netcomm-doc-0.1.2.zip" size="111272" checksum="2b60feed1b065aa85636facb3076ae89"/>
<depends>
 

</depends>
<actions>
 <action id="docref" url="plugins/netcomm/docs/api/index.html" name="netcomm API" section="api"/>
</actions>
<description>
The NetComm plugin provides distribution among MadKit platforms. Replace the old Communicator plugin.

</description>

</plugin>

