<?xml version="1.0"?>
<plugin name="netcomm" version="0.1.2">

<author>
<name>Madkit Team (O. Gutknecht, J. Ferber, F. Michel et al.)</name>
<email> </email>
<web> </web>
</author>

<file name="netcomm-0.1.2.zip" size="89949" checksum="410db9387a576e813fcf81b22006012d"/>
<depends>
<plugin name="madkitkernel" version="4.0.9" />
<plugin name="communicator" version="2.1" />


</depends>
<actions>
 
</actions>
<description>
The NetComm plugin provides distribution among MadKit platforms. Replace the old Communicator plugin.

</description>

</plugin>

