<?xml version="1.0"?>
<plugin name="pluginmanager-doc" version="1.0.1">

<author>
<name>Madkit Team (O. Gutknecht, J. Ferber, F. Michel et al.)</name>
<email> </email>
<web> </web>
</author>

<file name="pluginmanager-doc-1.0.1.zip" size="111191" checksum="2e39b8e598da86abee4c5081b1c11e02"/>
<depends>
 

</depends>
<actions>
 <action id="docref" url="plugins/pluginmanager/docs/api/index.html" name="pluginmanager API" section="api"/>
</actions>
<description>
The Plugin Manager provides a simple way to install and upgrade Madkit plugins

</description>

</plugin>

