<?xml version="1.0" encoding="ISO-8859-1"?>
<plugins>
    <plugin category="support" desc="kawa.xml" name="kawa"
        version="1.6.98" server="http://www.madkit.net/plugins/"/>
    <plugin category="support" desc="skinlf.xml" name="skinlf"
        version="0.1.0" server="http://www.madkit.net/plugins/"/>
    <plugin category="support" desc="jlfgr.xml" name="jlfgr"
        version="0.1.0" server="http://www.madkit.net/plugins/"/>
    <plugin category="support" desc="xerces.xml" name="xerces"
        version="0.1.0" server="http://www.madkit.net/plugins/"/>
    <plugin category="support" desc="apacheant.xml" name="apacheant"
        version="0.1.0" server="http://www.madkit.net/plugins/"/>
    <plugin category="support" desc="httpclient.xml" name="httpclient"
        version="0.3.0" server="http://www.madkit.net/plugins/"/>
    <plugin category="support" desc="jython.xml" name="jython"
        version="5.1" server="http://www.madkit.net/plugins/"/>
    <plugin category="support" desc="bsh.xml" name="bsh" version="5.1" server="http://www.madkit.net/plugins/"/>
    <plugin category="main" location="madkitkernel-4.0.9.zip"
        desc="madkitkernel.xml" name="madkitkernel" version="4.0.9" server="http://www.madkit.net/plugins/"/>
    <plugin category="sources" location="madkitkernel-src-4.0.9.zip"
        desc="madkitkernel-src.xml" name="madkitkernel-src"
        version="4.0.9" server="http://www.madkit.net/plugins/"/>
    <plugin category="docs" location="madkitkernel-doc-4.0.9.zip"
        desc="madkitkernel-doc.xml" name="madkitkernel-doc"
        version="4.0.9" server="http://www.madkit.net/plugins/"/>
    <plugin category="main" location="madkitapplet-1.0.zip"
        desc="madkitapplet.xml" name="madkitapplet" version="1.0" server="http://www.madkit.net/plugins/"/>
    <plugin category="sources" location="madkitapplet-src-1.0.zip"
        desc="madkitapplet-src.xml" name="madkitapplet-src"
        version="1.0" server="http://www.madkit.net/plugins/"/>
    <plugin category="docs" location="madkitapplet-doc-1.0.zip"
        desc="madkitapplet-doc.xml" name="madkitapplet-doc"
        version="1.0" server="http://www.madkit.net/plugins/"/>
    <plugin category="main" location="messages-4.0.zip"
        desc="messages.xml" name="messages" version="4.0" server="http://www.madkit.net/plugins/"/>
    <plugin category="sources" location="messages-src-4.0.zip"
        desc="messages-src.xml" name="messages-src" version="4.0" server="http://www.madkit.net/plugins/"/>
    <plugin category="docs" location="messages-doc-4.0.zip"
        desc="messages-doc.xml" name="messages-doc" version="4.0" server="http://www.madkit.net/plugins/"/>
    <plugin category="main" location="madkitutils-4.0.zip"
        desc="madkitutils.xml" name="madkitutils" version="4.0" server="http://www.madkit.net/plugins/"/>
    <plugin category="sources" location="madkitutils-src-4.0.zip"
        desc="madkitutils-src.xml" name="madkitutils-src" version="4.0" server="http://www.madkit.net/plugins/"/>
    <plugin category="docs" location="madkitutils-doc-4.0.zip"
        desc="madkitutils-doc.xml" name="madkitutils-doc" version="4.0" server="http://www.madkit.net/plugins/"/>
    <plugin category="tools" location="system-4.1.2.zip"
        desc="system.xml" name="system" version="4.1.2" server="http://www.madkit.net/plugins/"/>
    <plugin category="sources" location="system-src-4.1.2.zip"
        desc="system-src.xml" name="system-src" version="4.1.2" server="http://www.madkit.net/plugins/"/>
    <plugin category="docs" location="system-doc-4.1.2.zip"
        desc="system-doc.xml" name="system-doc" version="4.1.2" server="http://www.madkit.net/plugins/"/>
    <plugin category="tools" location="SEdit-3.2.1.zip" desc="SEdit.xml"
        name="SEdit" version="3.2.1" server="http://www.madkit.net/plugins/"/>
    <plugin category="sources" location="SEdit-src-3.2.1.zip"
        desc="SEdit-src.xml" name="SEdit-src" version="3.2.1" server="http://www.madkit.net/plugins/"/>
    <plugin category="docs" location="SEdit-doc-3.2.1.zip"
        desc="SEdit-doc.xml" name="SEdit-doc" version="3.2.1" server="http://www.madkit.net/plugins/"/>
    <plugin category="tools" location="desktop2-1.1.4.zip"
        desc="desktop2.xml" name="desktop2" version="1.1.4" server="http://www.madkit.net/plugins/"/>
    <plugin category="sources" location="desktop2-src-1.1.4.zip"
        desc="desktop2-src.xml" name="desktop2-src" version="1.1.4" server="http://www.madkit.net/plugins/"/>
    <plugin category="docs" location="desktop2-doc-1.1.4.zip"
        desc="desktop2-doc.xml" name="desktop2-doc" version="1.1.4" server="http://www.madkit.net/plugins/"/>
    <plugin category="tools" location="template-1.0.zip"
        desc="template.xml" name="template" version="1.0" server="http://www.madkit.net/plugins/"/>
    <plugin category="sources" location="template-src-1.0.zip"
        desc="template-src.xml" name="template-src" version="1.0" server="http://www.madkit.net/plugins/"/>
    <plugin category="docs" location="template-doc-1.0.zip"
        desc="template-doc.xml" name="template-doc" version="1.0" server="http://www.madkit.net/plugins/"/>
    <plugin category="main" location="simulation-1.0.zip"
        desc="simulation.xml" name="simulation" version="1.0" server="http://www.madkit.net/plugins/"/>
    <plugin category="sources" location="simulation-src-1.0.zip"
        desc="simulation-src.xml" name="simulation-src" version="1.0" server="http://www.madkit.net/plugins/"/>
    <plugin category="docs" location="simulation-doc-1.0.zip"
        desc="simulation-doc.xml" name="simulation-doc" version="1.0" server="http://www.madkit.net/plugins/"/>
    <plugin category="demos" location="demos-1.0.zip" desc="demos.xml"
        name="demos" version="1.0" server="http://www.madkit.net/plugins/"/>
    <plugin category="sources" location="demos-src-1.0.zip"
        desc="demos-src.xml" name="demos-src" version="1.0" server="http://www.madkit.net/plugins/"/>
    <plugin category="docs" location="demos-doc-1.0.zip"
        desc="demos-doc.xml" name="demos-doc" version="1.0" server="http://www.madkit.net/plugins/"/>
    <plugin category="main" location="communicator-2.1.zip"
        desc="communicator.xml" name="communicator" version="2.1" server="http://www.madkit.net/plugins/"/>
    <plugin category="sources" location="communicator-src-2.1.zip"
        desc="communicator-src.xml" name="communicator-src"
        version="2.1" server="http://www.madkit.net/plugins/"/>
    <plugin category="docs" location="communicator-doc-2.1.zip"
        desc="communicator-doc.xml" name="communicator-doc"
        version="2.1" server="http://www.madkit.net/plugins/"/>
    <plugin category="main" location="netcomm-0.1.2.zip"
        desc="netcomm.xml" name="netcomm" version="0.1.2" server="http://www.madkit.net/plugins/"/>
    <plugin category="sources" location="netcomm-src-0.1.2.zip"
        desc="netcomm-src.xml" name="netcomm-src" version="0.1.2" server="http://www.madkit.net/plugins/"/>
    <plugin category="docs" location="netcomm-doc-0.1.2.zip"
        desc="netcomm-doc.xml" name="netcomm-doc" version="0.1.2" server="http://www.madkit.net/plugins/"/>
    <plugin category="demos" location="marketorg-4.0.zip"
        desc="marketorg.xml" name="marketorg" version="4.0" server="http://www.madkit.net/plugins/"/>
    <plugin category="sources" location="marketorg-src-4.0.zip"
        desc="marketorg-src.xml" name="marketorg-src" version="4.0" server="http://www.madkit.net/plugins/"/>
    <plugin category="docs" location="marketorg-doc-4.0.zip"
        desc="marketorg-doc.xml" name="marketorg-doc" version="4.0" server="http://www.madkit.net/plugins/"/>
    <plugin category="tools" location="pythonlib-2.0.zip"
        desc="pythonlib.xml" name="pythonlib" version="2.0" server="http://www.madkit.net/plugins/"/>
    <plugin category="sources" location="pythonlib-src-2.0.zip"
        desc="pythonlib-src.xml" name="pythonlib-src" version="2.0" server="http://www.madkit.net/plugins/"/>
    <plugin category="docs" location="pythonlib-doc-2.0.zip"
        desc="pythonlib-doc.xml" name="pythonlib-doc" version="2.0" server="http://www.madkit.net/plugins/"/>
    <plugin category="tools" location="analysistools-1.0.zip"
        desc="analysistools.xml" name="analysistools" version="1.0" server="http://www.madkit.net/plugins/"/>
    <plugin category="sources" location="analysistools-src-1.0.zip"
        desc="analysistools-src.xml" name="analysistools-src"
        version="1.0" server="http://www.madkit.net/plugins/"/>
    <plugin category="docs" location="analysistools-doc-1.0.zip"
        desc="analysistools-doc.xml" name="analysistools-doc"
        version="1.0" server="http://www.madkit.net/plugins/"/>
    <plugin category="turtlekit" location="turtlekit-2.0.zip"
        desc="turtlekit.xml" name="turtlekit" version="2.0" server="http://www.madkit.net/plugins/"/>
    <plugin category="sources" location="turtlekit-src-2.0.zip"
        desc="turtlekit-src.xml" name="turtlekit-src" version="2.0" server="http://www.madkit.net/plugins/"/>
    <plugin category="docs" location="turtlekit-doc-2.0.zip"
        desc="turtlekit-doc.xml" name="turtlekit-doc" version="2.0" server="http://www.madkit.net/plugins/"/>
    <plugin category="turtlekit" location="turtlesimulation-2.0.zip"
        desc="turtlesimulation.xml" name="turtlesimulation"
        version="2.0" server="http://www.madkit.net/plugins/"/>
    <plugin category="sources" location="turtlesimulation-src-2.0.zip"
        desc="turtlesimulation-src.xml" name="turtlesimulation-src"
        version="2.0" server="http://www.madkit.net/plugins/"/>
    <plugin category="docs" location="turtlesimulation-doc-2.0.zip"
        desc="turtlesimulation-doc.xml" name="turtlesimulation-doc"
        version="2.0" server="http://www.madkit.net/plugins/"/>
    <plugin category="tools" location="jesslib-2.0.zip"
        desc="jesslib.xml" name="jesslib" version="2.0" server="http://www.madkit.net/plugins/"/>
    <plugin category="sources" location="jesslib-src-2.0.zip"
        desc="jesslib-src.xml" name="jesslib-src" version="2.0" server="http://www.madkit.net/plugins/"/>
    <plugin category="docs" location="jesslib-doc-2.0.zip"
        desc="jesslib-doc.xml" name="jesslib-doc" version="2.0" server="http://www.madkit.net/plugins/"/>
    <plugin category="tools" location="schemelib-2.0.zip"
        desc="schemelib.xml" name="schemelib" version="2.0" server="http://www.madkit.net/plugins/"/>
    <plugin category="sources" location="schemelib-src-2.0.zip"
        desc="schemelib-src.xml" name="schemelib-src" version="2.0" server="http://www.madkit.net/plugins/"/>
    <plugin category="docs" location="schemelib-doc-2.0.zip"
        desc="schemelib-doc.xml" name="schemelib-doc" version="2.0" server="http://www.madkit.net/plugins/"/>
    <plugin category="tools" location="bshlib-1.0.zip" desc="bshlib.xml"
        name="bshlib" version="1.0" server="http://www.madkit.net/plugins/"/>
    <plugin category="sources" location="bshlib-src-1.0.zip"
        desc="bshlib-src.xml" name="bshlib-src" version="1.0" server="http://www.madkit.net/plugins/"/>
    <plugin category="docs" location="bshlib-doc-1.0.zip"
        desc="bshlib-doc.xml" name="bshlib-doc" version="1.0" server="http://www.madkit.net/plugins/"/>
    <plugin category="tools" location="treetools-2.0.1.zip"
        desc="treetools.xml" name="treetools" version="2.0.1" server="http://www.madkit.net/plugins/"/>
    <plugin category="sources" location="treetools-src-2.0.1.zip"
        desc="treetools-src.xml" name="treetools-src" version="2.0.1" server="http://www.madkit.net/plugins/"/>
    <plugin category="docs" location="treetools-doc-2.0.1.zip"
        desc="treetools-doc.xml" name="treetools-doc" version="2.0.1" server="http://www.madkit.net/plugins/"/>
    <plugin category="tools" location="share-2.1.zip" desc="share.xml"
        name="share" version="2.1" server="http://www.madkit.net/plugins/"/>
    <plugin category="sources" location="share-src-2.1.zip"
        desc="share-src.xml" name="share-src" version="2.1" server="http://www.madkit.net/plugins/"/>
    <plugin category="docs" location="share-doc-2.1.zip"
        desc="share-doc.xml" name="share-doc" version="2.1" server="http://www.madkit.net/plugins/"/>
    <plugin category="tools" location="jsynedit-1.0.zip"
        desc="jsynedit.xml" name="jsynedit" version="1.0" server="http://www.madkit.net/plugins/"/>
    <plugin category="sources" location="jsynedit-src-1.0.zip"
        desc="jsynedit-src.xml" name="jsynedit-src" version="1.0" server="http://www.madkit.net/plugins/"/>
    <plugin category="docs" location="jsynedit-doc-1.0.zip"
        desc="jsynedit-doc.xml" name="jsynedit-doc" version="1.0" server="http://www.madkit.net/plugins/"/>
    <plugin category="tools" location="explorer-2.0.2.zip"
        desc="explorer.xml" name="explorer" version="2.0.2" server="http://www.madkit.net/plugins/"/>
    <plugin category="sources" location="explorer-src-2.0.2.zip"
        desc="explorer-src.xml" name="explorer-src" version="2.0.2" server="http://www.madkit.net/plugins/"/>
    <plugin category="docs" location="explorer-doc-2.0.2.zip"
        desc="explorer-doc.xml" name="explorer-doc" version="2.0.2" server="http://www.madkit.net/plugins/"/>
    <plugin category="tools" location="chat-1.0.zip" desc="chat.xml"
        name="chat" version="1.0" server="http://www.madkit.net/plugins/"/>
    <plugin category="sources" location="chat-src-1.0.zip"
        desc="chat-src.xml" name="chat-src" version="1.0" server="http://www.madkit.net/plugins/"/>
    <plugin category="docs" location="chat-doc-1.0.zip"
        desc="chat-doc.xml" name="chat-doc" version="1.0" server="http://www.madkit.net/plugins/"/>
    <plugin category="warbot" location="warbot-2.3.0.zip"
        desc="warbot.xml" name="warbot" version="2.3.0" server="http://www.madkit.net/plugins/"/>
    <plugin category="sources" location="warbot-src-2.3.0.zip"
        desc="warbot-src.xml" name="warbot-src" version="2.3.0" server="http://www.madkit.net/plugins/"/>
    <plugin category="docs" location="warbot-doc-2.3.0.zip"
        desc="warbot-doc.xml" name="warbot-doc" version="2.3.0" server="http://www.madkit.net/plugins/"/>
    <plugin category="demos" location="distributedbees-1.0.zip"
        desc="distributedbees.xml" name="distributedbees" version="1.0" server="http://www.madkit.net/plugins/"/>
    <plugin category="sources" location="distributedbees-src-1.0.zip"
        desc="distributedbees-src.xml" name="distributedbees-src"
        version="1.0" server="http://www.madkit.net/plugins/"/>
    <plugin category="docs" location="distributedbees-doc-1.0.zip"
        desc="distributedbees-doc.xml" name="distributedbees-doc"
        version="1.0" server="http://www.madkit.net/plugins/"/>
    <plugin category="tools" location="pluginmanager-1.0.1.zip"
        desc="pluginmanager.xml" name="pluginmanager" version="1.0.1" server="http://www.madkit.net/plugins/"/>
    <plugin category="sources" location="pluginmanager-src-1.0.1.zip"
        desc="pluginmanager-src.xml" name="pluginmanager-src"
        version="1.0.1" server="http://www.madkit.net/plugins/"/>
    <plugin category="docs" location="pluginmanager-doc-1.0.1.zip"
        desc="pluginmanager-doc.xml" name="pluginmanager-doc"
        version="1.0.1" server="http://www.madkit.net/plugins/"/>
    <plugin category="warbot" location="warbot04-1.0.zip"
        desc="warbot04.xml" name="warbot04" version="1.0" server="http://www.madkit.net/plugins/"/>
    <plugin category="sources" location="warbot04-src-1.0.zip"
        desc="warbot04-src.xml" name="warbot04-src" version="1.0" server="http://www.madkit.net/plugins/"/>
    <plugin category="docs" location="warbot04-doc-1.0.zip"
        desc="warbot04-doc.xml" name="warbot04-doc" version="1.0" server="http://www.madkit.net/plugins/"/>
    <plugin category="bundle" desc="madkit-src.xml" name="madkit-src"
        version="4.0.9" server="http://www.madkit.net/plugins/"/>
    <plugin category="bundle" desc="madkit-doc.xml" name="madkit-doc"
        version="4.0.9" server="http://www.madkit.net/plugins/"/>
    <plugin category="bundle" desc="madkit-bin.xml" name="madkit-bin"
        version="4.0.9" server="http://www.madkit.net/plugins/"/>
    <plugin category="bundle" desc="desktop2-commons.xml"
        name="desktop2-commons" version="4.0.9" server="http://www.madkit.net/plugins/"/>
    <plugin category="bundle" desc="madkit-full.xml" name="madkit-full"
        version="4.0.9" server="http://www.madkit.net/plugins/"/>
</plugins>
