<?xml version="1.0"?>
<plugin name="pluginmanager" version="1.0.1">

<author>
<name>Madkit Team (O. Gutknecht, J. Ferber, F. Michel et al.)</name>
<email> </email>
<web> </web>
</author>

<file name="pluginmanager-1.0.1.zip" size="139125" checksum="05ea57e04c96dbc3618257595d6ff9d2"/>
<depends>
<plugin name="madkitkernel" version="4.0.9" />
<plugin name="httpclient" version="0.3.0" />


</depends>
<actions>
 
</actions>
<description>
The Plugin Manager provides a simple way to install and upgrade Madkit plugins

</description>

</plugin>

