<?xml version="1.0"?>
<plugin name="pythonlib-doc" version="2.0">

<author>
<name>Madkit Team (O. Gutknecht, J. Ferber, F. Michel et al.)</name>
<email> </email>
<web> </web>
</author>

<file name="pythonlib-doc-2.0.zip" size="37345" checksum="cefdf6eab9c76b8462edc3b9599a5dee"/>
<depends>
 

</depends>
<actions>
 <action id="docref" url="plugins/pythonlib/docs/api/index.html" name="pythonlib API" section="api"/>
</actions>
<description>
PythonLib is a plugin which allows MadKit agents to be programmed in Python. See http://www.python.org 

</description>

</plugin>

