<?xml version="1.0"?>
<plugin name="pythonlib" version="2.0">

<author>
<name>Madkit Team (O. Gutknecht, J. Ferber, F. Michel et al.)</name>
<email> </email>
<web> </web>
</author>

<file name="pythonlib-2.0.zip" size="16823" checksum="9d01557a762640b5a3937d6d92387fb7"/>
<depends>
<plugin name="madkitkernel" version="4.0.9" />
<plugin name="madkitutils" version="4.0" />
<plugin name="messages" version="4.0" />
<plugin name="system" version="4.1.2" />
<plugin name="jython" version="5.1" />


</depends>
<actions>
 
</actions>
<description>
PythonLib is a plugin which allows MadKit agents to be programmed in Python. See http://www.python.org 

</description>

</plugin>

