<?xml version="1.0"?>
<plugin name="schemelib" version="2.0">

<author>
<name>Madkit Team (O. Gutknecht, J. Ferber, F. Michel et al.)</name>
<email> </email>
<web> </web>
</author>

<file name="schemelib-2.0.zip" size="26928" checksum="087196fd7ade5bf72439f37e2cdb6cce"/>
<depends>
<plugin name="madkitkernel" version="4.0.9" />
<plugin name="madkitutils" version="4.0" />
<plugin name="messages" version="4.0" />
<plugin name="system" version="4.1.2" />
<plugin name="kawa" version="1.6.98" />


</depends>
<actions>
 
</actions>
<description>
SchemeLib is a plugin which allows MadKit agents to be programmed in Kawa Scheme. 

</description>

</plugin>

