<?xml version="1.0"?>
<plugin name="schemelib-doc" version="2.0">

<author>
<name>Madkit Team (O. Gutknecht, J. Ferber, F. Michel et al.)</name>
<email> </email>
<web> </web>
</author>

<file name="schemelib-doc-2.0.zip" size="53485" checksum="f4b3a0115ac3349ddbb0ec1e3f418d90"/>
<depends>
 

</depends>
<actions>
 <action id="docref" url="plugins/schemelib/docs/api/index.html" name="schemelib API" section="api"/>
</actions>
<description>
SchemeLib is a plugin which allows MadKit agents to be programmed in Kawa Scheme. 

</description>

</plugin>

