<?xml version="1.0"?>
<plugin name="SEdit" version="3.2.1">

<author>
<name>Madkit Team (O. Gutknecht, J. Ferber, F. Michel et al.)</name>
<email> </email>
<web> </web>
</author>

<file name="SEdit-3.2.1.zip" size="1059779" checksum="b4994617e3147257568f29c59f8a1289"/>
<depends>
<plugin name="madkitkernel" version="4.0.9" />
<plugin name="madkitutils" version="4.0" />
<plugin name="messages" version="4.0" />


</depends>
<actions>
 
</actions>
<description>
SEdit is a program for drawing and animating graph within MadKit

</description>

</plugin>

