<?xml version="1.0"?>
<plugin name="SEdit-doc" version="3.2.1">

<author>
<name>Madkit Team (O. Gutknecht, J. Ferber, F. Michel et al.)</name>
<email> </email>
<web> </web>
</author>

<file name="SEdit-doc-3.2.1.zip" size="1647270" checksum="93f68c4c9849d59a18f7056262effd09"/>
<depends>
 

</depends>
<actions>
 <action id="docref" url="plugins/SEdit/docs/api/index.html" name="SEdit API" section="api"/>
</actions>
<description>
SEdit is a program for drawing and animating graph within MadKit

</description>

</plugin>

