<?xml version="1.0"?>
<plugin name="share" version="2.1">

<author>
<name>Madkit Team (O. Gutknecht, J. Ferber, F. Michel et al.)</name>
<email> </email>
<web> </web>
</author>

<file name="share-2.1.zip" size="260958" checksum="6561ae5ddbbdaec8d1d94b9c62141f2e"/>
<depends>
<plugin name="madkitkernel" version="4.0.9" />
<plugin name="messages" version="4.0" />
<plugin name="treetools" version="2.0.1" />


</depends>
<actions>
 
</actions>
<description>
Share plugin: P2P application.

</description>

</plugin>

