<?xml version="1.0"?>
<plugin name="simulation-doc" version="1.0">

<author>
<name>Madkit Team (O. Gutknecht, J. Ferber, F. Michel et al.)</name>
<email> </email>
<web> </web>
</author>

<file name="simulation-doc-1.0.zip" size="47865" checksum="42ca48276b62a259c0ed86434959e016"/>
<depends>
 

</depends>
<actions>
 <action id="docref" url="plugins/simulation/docs/api/index.html" name="simulation API" section="api"/>
</actions>
<description>
The simulation plugin contains basic activators and probes to develop simulations.

</description>

</plugin>

