<?xml version="1.0"?>
<plugin name="system-doc" version="4.1.2">

<author>
<name>Madkit Team (O. Gutknecht, J. Ferber, F. Michel et al.)</name>
<email> </email>
<web> </web>
</author>

<file name="system-doc-4.1.2.zip" size="485124" checksum="f3f0e6290c78557271d9526b86d05811"/>
<depends>
 

</depends>
<actions>
 <action id="docref" url="plugins/system/docs/api/index.html" name="system API" section="api"/>
</actions>
<description>
A set of system agents (editors, viewers, GroupObserver, etc..)

</description>

</plugin>

