<?xml version="1.0"?>
<plugin name="system" version="4.1.2">

<author>
<name>Madkit Team (O. Gutknecht, J. Ferber, F. Michel et al.)</name>
<email> </email>
<web> </web>
</author>

<file name="system-4.1.2.zip" size="133053" checksum="1a12388545d2cc642ae8724009b97099"/>
<depends>
<plugin name="madkitkernel" version="4.0.9" />
<plugin name="madkitutils" version="4.0" />
<plugin name="messages" version="4.0" />


</depends>
<actions>
 
</actions>
<description>
A set of system agents (editors, viewers, GroupObserver, etc..)

</description>

</plugin>

