<?xml version="1.0"?>
<plugin name="template" version="1.0">

<author>
<name>Madkit Team (O. Gutknecht, J. Ferber, F. Michel et al.)</name>
<email> </email>
<web> </web>
</author>

<file name="template-1.0.zip" size="3991" checksum="2416514eeb8d610ee73d015de3d08379"/>
<depends>
<plugin name="madkitkernel" version="4.0.9" />


</depends>
<actions>
 
</actions>
<description>
The template plugin is designed to help developpers to build madkit plugin easily and quickly by providing a minimal example of how to build a madkit plugin.

</description>

</plugin>

