<?xml version="1.0"?>
<plugin name="template-doc" version="1.0">

<author>
<name>Madkit Team (O. Gutknecht, J. Ferber, F. Michel et al.)</name>
<email> </email>
<web> </web>
</author>

<file name="template-doc-1.0.zip" size="23003" checksum="d19b012604104c26dabe2443df5553d4"/>
<depends>
 

</depends>
<actions>
 <action id="docref" url="plugins/template/docs/api/index.html" name="template API" section="api"/>
</actions>
<description>
The template plugin is designed to help developpers to build madkit plugin easily and quickly by providing a minimal example of how to build a madkit plugin.

</description>

</plugin>

