<?xml version="1.0"?>
<plugin name="template-src" version="1.0">

<author>
<name>Madkit Team (O. Gutknecht, J. Ferber, F. Michel et al.)</name>
<email> </email>
<web> </web>
</author>

<file name="template-src-1.0.zip" size="8554" checksum="a74e13acbc5959f176786839ad6cf03d"/>
<depends>
 

</depends>
<actions>
 
</actions>
<description>
The template plugin is designed to help developpers to build madkit plugin easily and quickly by providing a minimal example of how to build a madkit plugin.

</description>

</plugin>

