<?xml version="1.0"?>
<plugin name="turtlekit-doc" version="2.0">

<author>
<name>Madkit Team (O. Gutknecht, J. Ferber, F. Michel et al.)</name>
<email> </email>
<web> </web>
</author>

<file name="turtlekit-doc-2.0.zip" size="1115903" checksum="d43bebc69d7c185d2f2bfa17e758b040"/>
<depends>
 

</depends>
<actions>
 <action id="docref" url="plugins/turtlekit/docs/api/index.html" name="turtlekit API" section="api"/>
</actions>
<description>
TurtleKit is a development environment for building simple reactive agents. Loosely based on StarLogo

</description>

</plugin>

