<?xml version="1.0"?>
<plugin name="turtlekit" version="2.0">

<author>
<name>Madkit Team (O. Gutknecht, J. Ferber, F. Michel et al.)</name>
<email> </email>
<web> </web>
</author>

<file name="turtlekit-2.0.zip" size="31134" checksum="edff18a8d5b3c5118c7ac137b086d9fb"/>
<depends>
<plugin name="madkitkernel" version="4.0.9" />
<plugin name="simulation" version="1.0" />
<plugin name="messages" version="4.0" />
<plugin name="pythonlib" version="2.0" />
<plugin name="madkitutils" version="4.0" />


</depends>
<actions>
 
</actions>
<description>
TurtleKit is a development environment for building simple reactive agents. Loosely based on StarLogo

</description>

</plugin>

