<?xml version="1.0"?>
<plugin name="turtlesimulation" version="2.0">

<author>
<name>Madkit Team (O. Gutknecht, J. Ferber, F. Michel et al.)</name>
<email> </email>
<web> </web>
</author>

<file name="turtlesimulation-2.0.zip" size="31760" checksum="485fdf8f6843651eb4f0d7a0d9a0e93d"/>
<depends>
<plugin name="analysistools" version="1.0" />
<plugin name="madkitkernel" version="4.0.9" />
<plugin name="simulation" version="1.0" />
<plugin name="messages" version="4.0" />
<plugin name="turtlekit" version="2.0" />
<plugin name="pythonlib" version="2.0" />
<plugin name="madkitutils" version="4.0" />


</depends>
<actions>
 
</actions>
<description>
This plugins is a set of simulations built using the TurtleKit simulation platform

</description>

</plugin>

