<?xml version="1.0"?>
<plugin name="turtlesimulation-doc" version="2.0">

<author>
<name>Madkit Team (O. Gutknecht, J. Ferber, F. Michel et al.)</name>
<email> </email>
<web> </web>
</author>

<file name="turtlesimulation-doc-2.0.zip" size="484540" checksum="add3b8e797d976bf81199b478f05680b"/>
<depends>
 

</depends>
<actions>
 <action id="docref" url="plugins/turtlesimulation/docs/api/index.html" name="turtlesimulation API" section="api"/>
</actions>
<description>
This plugins is a set of simulations built using the TurtleKit simulation platform

</description>

</plugin>

