<?xml version="1.0"?>
<plugin name="warbot04-doc" version="1.0">

<author>
<name>Madkit Team (O. Gutknecht, J. Ferber, F. Michel et al.)</name>
<email> </email>
<web> </web>
</author>

<file name="warbot04-doc-1.0.zip" size="2685477" checksum="e0724ed6f2ba71e3b83c9ad2eb5ac052"/>
<depends>
 

</depends>
<actions>
 <action id="docref" url="plugins/warbot04/docs/api/index.html" name="warbot04 API" section="api"/>
</actions>
<description>
The Warbot LIRMM 2004 Tournament.

</description>

</plugin>

