<?xml version="1.0"?>
<plugin name="warbot-doc" version="2.3.0">

<author>
<name>Madkit Team (O. Gutknecht, J. Ferber, F. Michel et al.)</name>
<email> </email>
<web> </web>
</author>

<file name="warbot-doc-2.3.0.zip" size="185956" checksum="11667b4427d1ba8d41d666dbf5186eeb"/>
<depends>
 

</depends>
<actions>
 <action id="docref" url="plugins/warbot/docs/api/index.html" name="warbot API" section="api"/>
</actions>
<description>
Warbot is a test bench for analyzing multi-agent coordination in a robot-like simulated war

</description>

</plugin>

