<?xml version="1.0"?>
<plugin name="warbot" version="2.3.0">

<author>
<name>Madkit Team (O. Gutknecht, J. Ferber, F. Michel et al.)</name>
<email> </email>
<web> </web>
</author>

<file name="warbot-2.3.0.zip" size="187072" checksum="cf25623b8394b5ef94144b457cb6a5cb"/>
<depends>
<plugin name="madkitkernel" version="4.0.9" />
<plugin name="madkitutils" version="4.0" />
<plugin name="messages" version="4.0" />
<plugin name="SEdit" version="3.2.1" />
<plugin name="simulation" version="1.0" />
<plugin name="jesslib" version="2.0" />
<plugin name="pythonlib" version="2.0" />
<plugin name="system" version="4.1.2" />


</depends>
<actions>
 
</actions>
<description>
Warbot is a test bench for analyzing multi-agent coordination in a robot-like simulated war

</description>

</plugin>

